69|9q8yyw
216|9q8yyw
67|9q8vzp
17|dr5rsr
154|dr5ru6
416|dr4e31
155|dqcjr9
158|dr5ru4
66|dr5x1p
215|9q5c1e
645|9q8yyv
873|9q8yyx
1013|9q8yyt
94|dr5rzn
963|dp3qz9
745|dr5rsr
153|dr5rgb
495|dr5rsr
1010|9q8yyv
880|9q8yyx
715|9q8zjf
1258|9q9hwp
913|9q8yyy
604|9q8zjc
737|9q8yyw
299|9q8yyw
1079|9q8yyv
2110|9v6kpv
1894|9v6kpv
2115|9v6kpy
2574|dr5r2p
2576|dr5rsq
2215|c20g67
1450|drt3pb
11|dr5rgb
3277|dr5rsr
540|dr5rsj
148|dr5ru2
277|dr5ru2
436|dr5ru3
56|dr5ru2
3377|dr5rzj
3498|dr5rgb
135|dr5rgc
3671|dr5rue
3849|dr5ru0
3890|dr5rgb
4015|dr5rud
83|dr5ru3
127|dr5rus
520|dr5rsh
3549|dr5ruz
2525|dr5rsn
3871|dr5rum
3976|xn7751
889|9qqj79
454|dr5rud
3939|dr5rsj
3660|dr5ruz
502|dr5rsu
3912|dr5ru2
3902|dr5ruh
3862|dr5ru7
3530|dr5ruk
3168|dr5rue
3657|dr5rsj
3759|9v6kpv
3766|9vfgpu
97|9v6ecd
2118|9v6kpy
3735|dr5rus
45|dr5rsm
3644|dr5rse
129|dr5prz
692|9q8yyx
3557|dr5rkg
320|dr5rze
3501|dr5rue
1735|dps8p5
95|dr5rtj
3587|dr5rsq
2499|9tbq5q
3271|dnq2q5
2006|dr5ru7
54|dr5rsq
1072|9q8yye
4494|9q8znb
1034|9q9ndc
4498|9x225b
4090|9q8yyx
939|9q9k96
4316|9zvxqf
174|9xjddn
5083|dr5ru7
5091|dr5rus
5580|drt2yy
119|dr5x1p
5191|9vk4w6
5910|dr5rsr
5969|dr5rsq
128|dr5rgb
3178|dr5rsj
6164|dr5rus
6307|dr5rks
159|dr5rsp
5971|dr5ru1
3174|dr5rsn
36|dr5ru2
6407|dr72h8
6638|9q8yy2
4622|9q8znb
6210|djn1tz
1574|drt2yr
997|9mudjn
5013|dr5rsw
465|dr5rsr
4260|9q8yy5
8014|dr5ru0
65|dr5rsr
162|dr5r80
9132|dr5rs6
6300|dr5rs6
1554|9q8yy5
634|9q8yy1
2170|djgzqs
857|c23jbu
546|dr5ru3
5919|dr5rgf
5344|dr5rsh
836|dr5ru6
10634|dr5rsj
85|dr5ru7
1284|9q8yy1
1344|9q9jh0
1257|9q8yy6
2819|9mudjn
1927|9q8zhu
249|gcpv4c
4696|gcpvhc
12600|gcpvhf
3154|dr5rue
13329|9yzsrs
1192|dqcjqc
1128|dqbvte
1862|9q8yyw
6145|dr5ruk
14458|9zvxdu
4269|9zvxqf
15117|9q8zn6
909|9q8znb
970|9q8yyt
115|dqcjnc
5268|drt2yh
73|dr5rsh
272|dr5x83
1125|dr5ru4
1478|drt2zn
1019|9q8vzh
5520|dr5rsk
6059|dr5rsj
254|dr5rsr
1302|9q8yy2
1762|9q8yyw
15526|9vfgpu
13539|dn5bwf
20071|dn5bpy
4256|9q8yyh
624|9q8yyw
20514|dr5ru2
12401|9q8yu5
20842|dr5rsq
16242|dr5rkq
8543|dr5rt5
1477|dqcqzk
6718|dr72mb
1156|c28rug
3488|dr46zg
20383|9q8w2z
5154|dr72mh
18290|dr72jp
12741|dr5ru1
5310|dr5rkf
296|dr5rs1
6169|9t28h0
3173|dr5rsu
6574|dr5ru6
23475|dr5ru6
5607|9zvxnj
1297|9q8yy0
11158|dr72h8
10544|drt2yy
3082|drt3nb
5081|dr5ru3
16230|dr5ru2
6492|dr5rkk
6318|dr5rgb
13202|dr5ru2
276|dr5rs3
8519|dr5rue
18387|dr5r8r
7410|dr5rus
7750|dr5rvp
20094|dn5bpt
412|dhwftp
31313|9yuxs9
4177|9q8yyt
6951|dr5rgu
8639|dr5ru5
2905|9q5fdc
2111|9v6kpw
666|9q9hu7
5287|dr5rkw
16234|dr5ru7
8157|dr5rs1
280|dr5ru2
477|dr5ru0
2516|9q8yyv
6393|dr5ruq
7697|dp3ter
45832|dr5ruh
3600|dr5rt5
3140|dr5rtj
10591|dr5rsu
4952|dr5r7g
2589|dr5rsm
48309|c20g02
2894|c20g02
5426|9muptg
5003|dr4e32
707|9q8zp3
1081|9q9hy5
597|9q8zn0
15703|dqcx8e
18928|dru8qb
2741|c23nb5
213|gcpsv9
5639|gcpv5f
52145|u15y03
58460|u15uss
45953|u173zc
63020|wydm6d
54773|sv8wx0
52069|wydm9x
46899|sv8zk1
63073|wydm6k
47626|xnur7n
54770|sv8v7h
41539|dp92qt
25140|u15pms
50543|u173s6
24887|u173zx
66793|dr5rgz
69751|xn0wb3
4008|xn76ur
41704|wyjfr5
69770|xn324f
3414|drt2zz
18986|dpj59c
30210|dhvr1v
4429|gcpvn4
84524|gcpvhf
90|dpz2s2
4766|gcpuuw
6828|gcpuvr
44301|gcpuu0
5568|dr5rkg
22811|c2b2q2
5923|dr5rsn
18561|dr5reg
23410|dr5ru2
43520|gcpvj0
214|gcpvjb
4458|gcpvn0
16244|dr5x9s
4605|9x03xp
7268|9xh96w
29463|c28x7c
1018|9xj64g
2807|dp3wmb
15675|dr4e1z
15869|drt3pb
14493|9zvxvg
81874|xn77hd
130960|xn76uk
69750|xn77hk
89929|xn76fg
52327|xn774c
69758|xn76ey
130969|xn76fg
64462|u15msb
52100|u178k6
6460|dr5rsr
119455|c20fbr
7957|dr72jk
157981|9yutsg
5563|dr5rs3
31668|dr5rsw
6571|dr5rsr
3156|dr5rsg
7663|dp3wmb
4489|gcpvhu
8506|dr5rsj
5250|9q8zn8
5077|9q8yyx
5285|dr5rkx
126915|9xj5yn
17669|dp3wjx
183524|dr5rs3
5326|dr5rkw
52077|wydjr8
190659|wydmft
112429|wydm6s
192630|dqcjr3
5291|dr5rkm
195132|dqb0qe
52199|xn73c0
195918|xn76dw
80072|u0qh3g
211|u0mgtj
79882|u0qjd2
203709|dn5c7h
203708|dn5c7h
22444|9q5cgr
20104|dn5bpj
5886|u336yr
1374|u3bury
92866|u3chrg
26568|u3buty
9590|9q5cb1
225484|dngymn
225479|dngyky
159322|dngyky
225485|dngyky
225482|dngyky
5583|dr4u37
179281|dr5rsr
31234|dqcjq0
19102|dphgrh
11962|c23n8j
145793|dr5rt8
104533|dr5reu
7739|dr5reu
4108|9q5c98
252862|9q5c9c
142841|9q8zn8
65254|9q8yyy
12536|9q8yy0
5571|dr5rk7
110914|9q5d2z
270791|xn0m7m
270782|xn7395
106039|ucfv1n
23004|dr5rud
20206|dnh009
270024|xn6yjx
298846|xn31r5
296142|xn324f
300957|xn73c0
270023|xn76es
305734|xn76cs
23592|dpz833
40264|dpz83d
43084|dpz83w
2101|9q9hz5
314818|wvuxp6
315967|wvvt4s
52093|u1798e
58472|u176n1
328871|9q9qb5
355046|drkjb9
355048|drkjb9
13619|9qcehj
184808|dr5rtd
367404|dr5quv
380879|dqcjqb
390157|9v6kpy
390158|9v6kpy
413912|gcvwrv
413486|gcvwry
5640|gcpvjh
430452|xph67v
105449|u179jg
557472|dr9ugd
151543|dpz831
26100|dpz839
245126|dphgwf
41537|dp3wmh
624386|9zepws
17678|dp3wmm
658560|xn74pr
234526|dr5reg
110682|9q5c36
647131|ubcu2t
39291|dqcjqg
34948|u1x0es
35067|u1x0e5
908833|dp4g6d
205452|dr9ugd
787970|gcpugf
913634|gcpv40
